{"cameraMode":{"drawMode":0,"name":"Shaded","section":"Shading Mode"},"sceneLighting":true,"audioPlay":false,"sceneViewState":{"m_AlwaysRefresh":false,"showFog":true,"showSkybox":true,"showFlares":true,"showImageEffects":true,"showParticleSystems":true,"showVisualEffectGraphs":true,"m_FxEnabled":true},"in2DMode":false,"pivot":{"x":-3.5609421730041506,"y":-1.5589263439178467,"z":-1.0819528102874756},"rotation":{"x":-0.0929175317287445,"y":0.9053357839584351,"z":-0.32107582688331606,"w":-0.26199954748153689},"size":9.865938186645508,"orthographic":true}